{"charErrorRates": [0.7327505371421821, 0.3011687918546357, 0.23153596822185635, 0.19374035543676488, 0.19475188092056203, 0.1628186859028788, 0.1522530438056985, 0.14190152024158478, 0.14447832603607527, 0.1347543912757773, 0.13493897621807605, 0.12961554648218018, 0.12686153914308287, 0.12393771365707071, 0.12401893103168216], "wordAccuracies": [0.0, 0.003815469996531391, 0.030523759972251128, 0.05896635449184877, 0.056711758584807495, 0.09625390218522373, 0.11689212625737079, 0.12504335761359694, 0.12278876170655567, 0.13943808532778357, 0.14394727714186611, 0.15556711758584807, 0.16163718348942074, 0.16944155393687133, 0.16302462712452306]}